procedure,procedure_description,claims,denied_claims,denial_rate
PROC_301,Prior-Authorization Procedure,19447,5876,0.3021545739702782
PROC_205,Specialist Consultation,13272,2347,0.17683845690174804
PROC_106,Physical Therapy,9521,861,0.09043167734481672
PROC_105,Blood Panel,10248,918,0.0895784543325527
PROC_110,Chemotherapy,25720,2033,0.07904354587869362
PROC_104,X-Ray,11423,832,0.07283550730981353
PROC_401,Behavioral Health Visit,11566,765,0.06614214075739236
PROC_108,Outpatient Surgery,25396,1493,0.05878878563553316
PROC_107,Emergency Visit,18621,1070,0.057462005262875246
PROC_109,Inpatient Stay,27276,1310,0.04802757002493034
PROC_112,Ultrasound,13016,559,0.04294714197910264
PROC_102,MRI Scan,17246,696,0.040357184274614405
PROC_111,Dialysis,20977,773,0.036849883205415455
PROC_103,CT Scan,16212,567,0.034974093264248704
PROC_101,Office Visit,10059,268,0.02664280743612685
