diagnosis,claims,total_paid,avg_paid
Cancer,22156,80453850.25,3631.2443694710237
Kidney Disease,21968,79896307.77,3636.940448379461
Autoimmune Disorder,22020,79475522.14,3609.242603996367
Sepsis,9165,69258781.96,7556.877464266229
Pneumonia,9160,69201957.35,7554.798837336244
Heart Failure,8951,66890346.88,7472.946808177858
Osteoarthritis,30821,61177353.84,1984.9243645566337
Cataract,8597,46646368.98,5425.889145050599
Gallbladder Disease,8365,45600057.34,5451.291971309026
Abdominal Pain,25667,25431311.14,990.8174363969299
Low Back Pain,22396,15548886.17,694.2706809251652
Chest Pain,6225,10178436.24,1635.0901590361445
Acute Injury,6220,10071299.98,1619.1800610932476
Type 2 Diabetes,11152,2524184.85,226.3436917144907
Hyperlipidemia,11280,2514213.09,222.8912313829787
Hypertension,7750,1993996.74,257.2899019354839
Depression,3913,930321.04,237.75135190391006
Anxiety,3946,927633.26,235.08192093258998
Substance Use Disorder,3707,870824.61,234.9135716212571
Anemia,3397,499008.44,146.89680306152488
Shoulder Pain,3144,370856.24,117.95681933842239
