claim_month,claims,total_paid,avg_paid,denial_rate
2023-01,7060,18609725.33,2635.9384320113313,0.08371104815864022
2023-02,6561,17822275.89,2716.3962642889805,0.08489559518366102
2023-03,6970,18450579.87,2647.1420186513633,0.08680057388809183
2023-04,6724,18206096.89,2707.6289247471746,0.08417608566329565
2023-05,7154,19383698.57,2709.490993849595,0.08233156276209114
2023-06,6819,18230877.49,2673.541206921836,0.07655081390233172
2023-07,7134,18785436.63,2633.226328847771,0.08186150827025511
2023-08,6966,19305511.8,2771.391300602929,0.08110824002296871
2023-09,6878,18253709.53,2653.9269453329457,0.08505379470776389
2023-10,7178,19310127.1,2690.182098077459,0.08303148509334077
2023-11,6829,18297617.57,2679.3992634353494,0.08156391858251574
2023-12,7085,18961440.88,2676.2795878616794,0.08228652081863091
2024-01,7073,18880998.74,2669.4470154107166,0.07860879400537255
2024-02,6625,17637205.82,2662.2197464150945,0.08271698113207547
2024-03,6990,18381128.56,2629.6321258941343,0.08283261802575108
2024-04,6768,18260967.56,2698.1335047281323,0.07712765957446809
2024-05,7094,18884158.26,2661.9901691570344,0.08077248378911757
2024-06,6867,18345525.78,2671.5488248143297,0.0818406873452745
2024-07,6967,18448582.32,2647.995165781542,0.08583321372183149
2024-08,6982,19216028.58,2752.224087653967,0.08192494987109711
2024-09,6708,18364013.92,2737.6287895050687,0.07960644007155634
2024-10,7063,19329618.7,2736.7434093161546,0.08466657227806881
2024-11,6867,18479224.55,2691.0185743410516,0.08402504732779963
2024-12,6961,18755277.38,2694.3366441603216,0.08791840252837237
2025-01,7299,19763368.81,2707.681711193314,0.07987395533634745
2025-02,6344,17059344.87,2689.0518395334175,0.08244010088272383
2025-03,7051,18580316.35,2635.1320876471423,0.07715217699617076
2025-04,6888,18533266.13,2690.660007259001,0.07709059233449478
2025-05,7054,18817104.99,2667.5793861638786,0.07683583782251205
2025-06,6918,18541635.37,2680.2017013587742,0.07747904018502458
2025-07,7051,18649342.57,2644.9216522479082,0.08325060275138278
2025-08,7036,18681135.06,2655.0788885730526,0.07944855031267765
2025-09,6766,17947245.37,2652.5636077446056,0.08321016848950635
2025-10,7203,19372838.26,2689.55133416632,0.07816187699569624
2025-11,6850,18855530.98,2752.6322598540146,0.07503649635036497
2025-12,7217,19060561.83,2641.0644076486074,0.08202854371622557
