procedure,procedure_description,claims,total_paid,avg_paid
PROC_109,Inpatient Stay,27276,205351086.19,7528.636390599795
PROC_110,Chemotherapy,25720,152744006.39,5938.724976283048
PROC_108,Outpatient Surgery,25396,137810004.72,5426.445295322098
PROC_111,Dialysis,20977,58140767.6,2771.643590599228
PROC_107,Emergency Visit,18621,30309253.28,1627.6920294291392
PROC_301,Prior-Authorization Procedure,19447,28940906.17,1488.1938689772203
PROC_102,MRI Scan,17246,22543700.71,1307.18431578337
PROC_103,CT Scan,16212,15553078.17,959.3559196891192
PROC_112,Ultrasound,13016,5263490.2,404.386155500922
PROC_205,Specialist Consultation,13272,4620377.54,348.12971217600966
PROC_401,Behavioral Health Visit,11566,2728778.91,235.9310833477434
PROC_104,X-Ray,11423,2430785.42,212.79746301321893
PROC_105,Blood Panel,10248,1485517.32,144.95680327868854
PROC_101,Office Visit,10059,1425508.26,141.7147092156278
PROC_106,Physical Therapy,9521,1114257.43,117.03155445856527
