provider_id,provider_state,claims,total_paid,avg_paid,denial_rate
P0499,GA,2710,8425303.44,3108.96805904059,0.09003690036900369
P0048,FL,1127,7108381.44,6307.348216503993,0.05323868677905945
P0573,PA,1292,4631419.32,3584.689876160991,0.07275541795665634
P0113,WA,2156,4559784.24,2114.927755102041,0.06029684601113173
P0197,MI,911,4490614.1,4929.32392974753,0.08122941822173436
P0208,NC,1164,4158158.55,3572.3011597938143,0.06872852233676977
P0460,OH,1323,4136981.29,3126.9699848828423,0.08616780045351474
P0490,WA,1101,4068578.38,3695.3482107175296,0.11353315168029064
P0212,CA,1154,3991682.58,3458.9970363951475,0.0805892547660312
P0305,TX,1392,3960953.43,2845.512521551724,0.0603448275862069
P0790,NC,936,3942880.0100000002,4212.478643162393,0.08653846153846154
P0044,AZ,942,3897637.93,4137.619883227177,0.08917197452229299
P0666,PA,872,3756612.93,4308.042350917432,0.0676605504587156
P0296,NY,1329,3713198.66,2793.9794281414597,0.06621519939804364
P0621,WA,1435,3695865.71,2575.516174216028,0.07317073170731707
P0754,NC,1104,3691522.86,3343.770706521739,0.08786231884057971
P0532,CA,1066,3532904.08,3314.1689305816135,0.06660412757973734
P0297,NY,819,3506815.06,4281.82547008547,0.06105006105006105
P0728,NY,1128,3298047.25,2923.8007535460993,0.08953900709219859
P0187,OH,951,3124520.78,3285.5108096740273,0.07781282860147214
P0235,PA,914,3078195.46,3367.828730853392,0.07549234135667396
P0669,IL,1043,3019857.38,2895.3570278044103,0.07574304889741132
P0566,NC,817,3006506.4,3679.9343941248467,0.07711138310893513
P0440,IL,1088,2986941.3,2745.3504595588233,0.07169117647058823
P0712,AZ,950,2928581.55,3082.7174210526314,0.05157894736842105
P0404,CA,829,2898268.76,3496.1022436670687,0.07720144752714113
P0171,IL,935,2861131.8,3060.034010695187,0.10695187165775401
P0505,NY,889,2851943.56,3208.0355005624297,0.09448818897637795
P0230,IL,769,2836760.22,3688.8949544863463,0.08192457737321196
P0318,CA,1307,2808231.52,2148.608661055853,0.08875286916602908
P0747,NC,751,2792339.6,3718.161917443409,0.05059920106524634
P0741,FL,827,2770240.53,3349.7467110036273,0.12817412333736397
P0198,PA,1003,2760997.38,2752.7391625124624,0.09571286141575275
P0022,OH,1092,2718520.61,2489.487738095238,0.06318681318681318
P0396,MI,1116,2711819.67,2429.945940860215,0.0985663082437276
P0503,NY,876,2690769.34,3071.6544977168946,0.0502283105022831
P0427,MI,1050,2656231.55,2529.744333333333,0.10857142857142857
P0794,CA,878,2597053.75,2957.9199886104784,0.07061503416856492
P0558,FL,699,2587279.16,3701.4008011444926,0.05722460658082976
P0660,NY,940,2572876.55,2737.102712765957,0.07872340425531915
P0320,GA,1226,2541965.97,2073.381704730832,0.05872756933115824
P0769,AZ,853,2455709.47,2878.909109026964,0.06330597889800703
P0764,TX,902,2435628.33,2700.253137472284,0.1130820399113082
P0364,GA,1052,2429196.31,2309.1219676806086,0.12737642585551331
P0553,TX,672,2398033.09,3568.5016220238094,0.07738095238095238
P0412,MI,914,2385413.57,2609.8616739606127,0.12582056892778992
P0417,MI,761,2289597.32,3008.669277266754,0.05781865965834428
P0178,NY,454,2235917.54,4924.928502202643,0.09911894273127753
P0175,NY,1085,2231651.85,2056.8219815668203,0.06820276497695853
P0446,WA,733,2222132.44,3031.5585811732603,0.07503410641200546
P0042,FL,737,2220521.45,3012.9191994572593,0.06512890094979647
P0464,AZ,579,2215090.24,3825.7171675302247,0.044905008635578586
P0422,IL,714,2204769.55,3087.9125350140052,0.06302521008403361
P0408,OH,1139,2176692.78,1911.0559964881472,0.07638279192273925
P0774,TX,860,2175133.64,2529.225162790698,0.11162790697674418
P0590,TX,848,2145316.88,2529.8548113207544,0.07311320754716981
P0727,NC,680,2061468.63,3031.5715147058822,0.07352941176470588
P0339,TX,1214,2038273.62,1678.9733278418453,0.0815485996705107
P0689,PA,805,2036448.7,2529.7499378881985,0.09440993788819876
P0246,OH,787,2017851.31,2563.978792884371,0.07750952986022872
P0613,WA,536,2017450.77,3763.9006902985075,0.07462686567164178
P0659,MI,498,2013808.6,4043.792369477912,0.060240963855421686
P0186,GA,1008,1992840.84,1977.024642857143,0.07539682539682539
P0034,OH,1007,1986123.79,1972.3175670307846,0.05958291956305859
P0351,OH,637,1972473.05,3096.5040031397175,0.0989010989010989
P0531,FL,599,1942597.89,3243.0682637729547,0.09515859766277128
P0506,TX,531,1939273.56,3652.11593220339,0.09227871939736347
P0194,MI,727,1929595.45,2654.1890646492434,0.04126547455295736
P0216,WA,624,1916245.42,3070.9061217948715,0.05929487179487179
P0710,FL,599,1901834.14,3175.0152587646076,0.0651085141903172
P0585,TX,618,1896223.24,3068.3223948220066,0.10194174757281553
P0729,NC,446,1888691.38,4234.7340358744395,0.04932735426008968
P0376,NY,464,1881909.1300000001,4055.8386422413796,0.0603448275862069
P0111,TX,582,1872635.31,3217.5864432989692,0.09621993127147767
P0658,GA,686,1817634.46,2649.612915451895,0.06705539358600583
P0095,NC,358,1816915.92,5075.184134078212,0.10335195530726257
P0656,OH,765,1750946.32,2288.8187189542487,0.0784313725490196
P0375,WA,1096,1750073.37,1596.7822718978102,0.10127737226277372
P0135,IL,675,1749058.5,2591.197777777778,0.07851851851851852
P0210,FL,688,1743407.19,2534.022078488372,0.06540697674418605
P0070,NC,562,1741223.59,3098.2626156583633,0.09074733096085409
P0540,FL,562,1734264.05,3085.8790925266903,0.09608540925266904
P0684,NC,956,1728787.91,1808.3555543933053,0.05230125523012552
P0140,NY,718,1707856.86,2378.6307242339835,0.10724233983286909
P0750,WA,510,1707452.75,3347.946568627451,0.06274509803921569
P0188,GA,813,1701549.22,2092.9264698646984,0.06642066420664207
P0319,GA,528,1681256.28,3184.1975,0.0625
P0605,PA,324,1675909.59,5172.560462962963,0.12654320987654322
P0096,NY,523,1674377.62,3201.4868451242833,0.06883365200764818
P0564,GA,389,1669079.18,4290.691979434447,0.10539845758354756
P0368,IL,643,1660032.91,2581.699704510109,0.06687402799377916
P0739,NC,625,1650840.19,2641.3443039999997,0.0784
P0442,TX,901,1637413.45,1817.329023307436,0.09100998890122086
P0781,IL,495,1622107.2,3276.9842424242424,0.06060606060606061
P0217,FL,320,1616588.6,5051.8393750000005,0.06875
P0616,NY,544,1615698.11,2970.0332904411766,0.04963235294117647
P0393,MI,486,1615084.47,3323.219074074074,0.08641975308641975
P0395,IL,692,1600565.81,2312.95637283237,0.05057803468208093
P0191,WA,417,1589320.1,3811.319184652278,0.047961630695443645
P0663,TX,592,1583831.31,2675.3907263513515,0.09628378378378379
P0651,AZ,617,1581274.82,2562.844116693679,0.08265802269043761
P0288,GA,611,1571023.43,2571.233109656301,0.10310965630114566
P0116,CA,656,1568956.74,2391.702347560976,0.08231707317073171
P0302,FL,521,1568543.56,3010.6402303262958,0.08061420345489444
P0064,NY,436,1567107.26,3594.2827064220182,0.1353211009174312
P0734,WA,362,1566862.54,4328.34955801105,0.0856353591160221
P0760,CA,700,1560622.2,2229.460285714286,0.06857142857142857
P0730,MI,928,1559019.32,1679.9777155172414,0.07650862068965517
P0419,CA,512,1549875.08,3027.099765625,0.099609375
P0719,IL,550,1548725.18,2815.8639636363637,0.08181818181818182
P0129,TX,595,1546449.91,2599.0754789915964,0.11932773109243698
P0374,IL,724,1541843.18,2129.6176519337014,0.06767955801104972
P0043,OH,386,1537257.87,3982.5333419689123,0.11917098445595854
P0797,GA,679,1533741.83,2258.824491899853,0.10456553755522828
P0470,WA,447,1521634.7,3404.1044742729305,0.06040268456375839
P0215,MI,343,1520213.87,4432.110408163266,0.11370262390670553
P0500,NY,862,1515234.32,1757.8124361948956,0.08120649651972157
P0655,WA,450,1498014.3,3328.920666666667,0.07333333333333333
P0363,OH,564,1489056.81,2640.17164893617,0.07801418439716312
P0633,WA,399,1483053.66,3716.9264661654133,0.14035087719298245
P0715,TX,635,1480152.09,2330.9481732283466,0.09448818897637795
P0280,TX,1089,1464229.39,1344.5632598714417,0.12947658402203857
P0569,PA,287,1462017.06,5094.136097560976,0.06620209059233449
P0061,IL,695,1460031.39,2100.7645899280574,0.06330935251798561
P0597,NC,469,1455694.65,3103.8265458422175,0.07036247334754797
P0333,OH,483,1449254.5,3000.526915113872,0.09109730848861283
P0298,NC,644,1435672.42,2229.305,0.07298136645962733
P0546,WA,399,1419749.48,3558.269373433584,0.06766917293233082
P0267,MI,398,1412480.8,3548.946733668342,0.0678391959798995
P0481,TX,749,1410984.18,1883.8240053404538,0.08945260347129506
P0497,NC,313,1407648.46,4497.279424920128,0.07987220447284345
P0008,MI,432,1389567.74,3216.5919907407406,0.06944444444444445
P0098,IL,581,1384368.29,2382.733717728055,0.08605851979345955
P0119,IL,497,1367925.93,2752.366056338028,0.060362173038229376
P0641,IL,518,1364427.82,2634.0305405405406,0.0637065637065637
P0582,TX,348,1362547.45,3915.366235632184,0.07758620689655173
P0126,FL,588,1359881.63,2312.7238605442176,0.05442176870748299
P0783,TX,407,1359790.07,3341.007542997543,0.08353808353808354
P0421,IL,479,1347516.28,2813.1863883089773,0.04175365344467641
P0026,AZ,663,1344635.71,2028.1081598793362,0.07993966817496229
P0010,WA,481,1341599.5,2789.1881496881497,0.09771309771309772
P0205,FL,627,1331768.21,2124.0322328548646,0.06539074960127592
P0410,NY,525,1321533.47,2517.2066095238097,0.08190476190476191
P0461,TX,433,1299664.85,3001.5354503464205,0.053117782909930716
P0672,CA,429,1295007.82,3018.666247086247,0.08158508158508158
P0530,NC,552,1289323.5,2335.7309782608695,0.07971014492753623
P0372,WA,263,1288573.57,4899.51927756654,0.06463878326996197
P0552,AZ,412,1288052.21,3126.3403155339806,0.043689320388349516
P0789,IL,315,1287909.4,4088.6012698412696,0.11746031746031746
P0643,FL,467,1285124.23,2751.872012847966,0.0835117773019272
P0039,IL,428,1281378.35,2993.8746495327105,0.11214953271028037
P0137,IL,328,1272375.54,3879.1937195121955,0.057926829268292686
P0502,IL,411,1264027.96,3075.493819951338,0.046228710462287104
P0087,OH,294,1258850.41,4281.804115646259,0.05782312925170068
P0189,MI,658,1258323.78,1912.346170212766,0.08054711246200608
P0743,NY,406,1257786.69,3097.9967733990147,0.0812807881773399
P0414,CA,481,1245672.29,2589.7552806652807,0.05405405405405406
P0645,GA,331,1239536.31,3744.8226888217523,0.1027190332326284
P0717,GA,715,1239397.69,1733.4233426573426,0.055944055944055944
P0173,TX,431,1237456.77,2871.1293967517404,0.0765661252900232
P0134,NY,308,1228660.05,3989.1560064935065,0.11038961038961038
P0466,NC,450,1221872.06,2715.2712444444446,0.08888888888888889
P0668,OH,447,1207570.44,2701.499865771812,0.05145413870246085
P0745,OH,380,1192294.49,3137.6170789473686,0.06842105263157895
P0504,TX,377,1188483.36,3152.4757559681702,0.08753315649867374
P0431,OH,394,1172642.82,2976.2508121827414,0.09644670050761421
P0164,PA,597,1168407.29,1957.1311390284757,0.08207705192629816
P0122,IL,298,1164652.15,3908.2286912751674,0.09395973154362416
P0020,NY,345,1163476.97,3372.3970144927534,0.04927536231884058
P0452,NY,370,1159345.98,3133.3675135135136,0.0972972972972973
P0089,WA,347,1153038.02,3322.8761383285305,0.06340057636887608
P0002,TX,335,1147029.88,3423.969791044776,0.07164179104477612
P0402,TX,401,1123102.76,2800.7550124688278,0.07481296758104738
P0311,GA,297,1121259.07,3775.283063973064,0.11447811447811448
P0444,AZ,293,1116760.38,3811.4688737201363,0.10580204778156997
P0072,TX,834,1111191.96,1332.3644604316546,0.08752997601918465
P0720,TX,639,1104552.08,1728.5635054773084,0.11424100156494522
P0151,GA,441,1100075.82,2494.502993197279,0.07709750566893424
P0289,NC,425,1093376.28,2572.6500705882354,0.07764705882352942
P0209,TX,400,1092120.02,2730.30005,0.09
P0520,WA,489,1089246.18,2227.497300613497,0.081799591002045
P0735,NC,368,1084686.58,2947.517880434783,0.057065217391304345
P0236,OH,633,1084115.7,1712.6630331753554,0.05845181674565561
P0478,PA,353,1083619.99,3069.7450141643058,0.0708215297450425
P0469,TX,288,1079490.46,3748.2307638888888,0.06597222222222222
P0283,TX,200,1074654.1,5373.2705000000005,0.085
P0109,GA,363,1072068.87,2953.3577685950418,0.06611570247933884
P0257,IL,317,1071013.47,3378.591388012618,0.05362776025236593
P0125,NC,196,1069522.62,5456.748061224491,0.10714285714285714
P0397,NY,565,1066349.95,1887.3450442477874,0.05663716814159292
P0292,GA,378,1055732.1300000001,2792.942142857143,0.10052910052910052
P0031,PA,350,1053397.33,3009.7066571428572,0.07428571428571429
P0467,NC,439,1051862.06,2396.041138952164,0.06605922551252848
P0027,WA,525,1047290.5700000001,1994.8391809523812,0.0761904761904762
P0350,FL,491,1045689.29,2129.713421588595,0.07535641547861507
P0149,MI,307,1040474.48,3389.1676872964167,0.03908794788273615
P0439,GA,432,1036924.9,2400.2891203703703,0.10185185185185185
P0398,AZ,594,1031518.87,1736.5637542087543,0.09427609427609428
P0602,TX,556,1024153.44,1842.0025899280574,0.11510791366906475
P0475,TX,468,1022153.0599999999,2184.087735042735,0.13675213675213677
P0052,MI,299,1020781.85,3413.9861204013378,0.03678929765886288
P0508,PA,210,1017788.19,4846.610428571428,0.06666666666666667
P0118,TX,396,1015997.58,2565.6504545454545,0.050505050505050504
P0362,CA,722,1014097.8,1404.5675900277008,0.07894736842105263
P0147,FL,344,1009837.28,2935.573488372093,0.08430232558139535
P0263,AZ,272,1006460.3,3700.221691176471,0.08088235294117647
P0051,TX,375,1005156.11,2680.416293333333,0.08
P0494,PA,527,1001735.35,1900.8260910815939,0.06641366223908918
P0355,NY,352,1001296.05,2844.5910511363636,0.09943181818181818
P0006,FL,558,991100.77,1776.1662544802869,0.06630824372759857
P0145,AZ,546,987926.84,1809.3898168498167,0.0695970695970696
P0740,GA,236,985036.29,4173.882584745763,0.029661016949152543
P0167,TX,303,984952.66,3250.6688448844884,0.09570957095709572
P0441,GA,519,982826.91,1893.6934682080926,0.08285163776493257
P0361,GA,328,980325.53,2988.7973475609756,0.04878048780487805
P0599,IL,397,979306.69,2466.767481108312,0.12846347607052896
P0073,GA,381,978097.26,2567.1844094488188,0.10498687664041995
P0165,WA,282,973394.0700000001,3451.7520212765958,0.1099290780141844
P0529,OH,330,973282.67,2949.341424242424,0.12121212121212122
P0695,FL,349,965576.62,2766.6951862464184,0.09742120343839542
P0033,NC,353,965162.97,2734.172719546742,0.12181303116147309
P0686,CA,284,965031.63,3397.9986971830986,0.05985915492957746
P0723,PA,434,964930.18,2223.341428571429,0.059907834101382486
P0291,IL,311,959959.24,3086.685659163987,0.06752411575562701
P0155,PA,434,957377.88,2205.9398156682028,0.06912442396313365
P0023,AZ,629,956188.43,1520.1723847376788,0.10015898251192369
P0583,GA,414,954881.55,2306.4771739130438,0.0893719806763285
P0047,PA,387,952871.95,2462.2014211886303,0.06201550387596899
P0639,IL,330,950441.49,2880.125727272727,0.051515151515151514
P0157,TX,493,939751.38,1906.189411764706,0.09533468559837728
P0636,MI,355,939195.21,2645.620309859155,0.12394366197183099
P0313,CA,273,938338.99,3437.1391575091575,0.07326007326007326
P0653,CA,300,927835.05,3092.7835,0.07666666666666666
P0053,CA,336,927825.4,2761.385119047619,0.09226190476190477
P0409,CA,397,926523.99,2333.8135768261964,0.09319899244332494
P0637,MI,384,921782.43,2400.475078125,0.033854166666666664
P0391,GA,260,920784.37,3541.4783461538464,0.09615384615384616
P0181,TX,283,916904.71,3239.9459717314485,0.0989399293286219
P0133,TX,414,914610.55,2209.20422705314,0.10144927536231885
P0378,MI,406,913851.89,2250.866724137931,0.08620689655172414
P0046,TX,221,909238.58,4114.2017194570135,0.09502262443438914
P0324,WA,395,905253.39,2291.7807341772154,0.08354430379746836
P0471,TX,256,905021.53,3535.2403515625,0.03515625
P0247,NC,324,902559.61,2785.6778086419754,0.05864197530864197
P0625,AZ,225,901278.93,4005.6841333333336,0.05333333333333334
P0231,WA,313,900171.1,2875.9460063897764,0.051118210862619806
P0698,NC,425,898025.62,2113.0014588235294,0.06352941176470588
P0013,NC,455,896711.79,1970.795142857143,0.05934065934065934
P0515,AZ,381,895539.0,2350.496062992126,0.14173228346456693
P0492,TX,264,894912.79,3389.8211742424246,0.08333333333333333
P0551,IL,352,892761.99,2536.255653409091,0.07386363636363637
P0517,CA,308,892760.5599999999,2898.5732467532466,0.08441558441558442
P0270,AZ,354,889909.87,2513.8696892655366,0.12994350282485875
P0352,GA,517,883966.4,1709.7996131528048,0.061895551257253385
P0430,IL,336,881947.45,2624.843601190476,0.08630952380952381
P0690,OH,346,881107.31,2546.5529190751445,0.06936416184971098
P0015,PA,411,878494.38,2137.455912408759,0.09245742092457421
P0221,TX,203,876182.09,4316.1679310344825,0.07389162561576355
P0518,GA,329,872049.2,2650.6054711246197,0.057750759878419454
P0420,CA,285,868209.17,3046.347964912281,0.0912280701754386
P0303,WA,227,867379.03,3821.0529955947136,0.07488986784140969
P0290,GA,457,866715.36,1896.5325164113785,0.07221006564551423
P0434,CA,290,861348.0,2970.1655172413793,0.09310344827586207
P0148,PA,246,854408.05,3473.203455284553,0.0975609756097561
P0346,MI,401,852806.58,2126.6997007481295,0.08977556109725686
P0635,NY,264,849375.95,3217.3331439393937,0.056818181818181816
P0692,PA,366,843451.3,2304.51174863388,0.14207650273224043
P0665,TX,264,841326.6,3186.8431818181816,0.11363636363636363
P0775,AZ,342,837812.11,2449.7430116959063,0.07309941520467836
P0630,PA,298,835184.35,2802.6320469798657,0.11409395973154363
P0443,NY,235,833396.99,3546.370170212766,0.02553191489361702
P0436,FL,290,832821.45,2871.798103448276,0.07586206896551724
P0607,TX,300,832714.57,2775.7152333333333,0.06333333333333334
P0321,PA,233,825732.8,3543.917596566524,0.055793991416309016
P0334,GA,282,825677.06,2927.9328368794327,0.09219858156028368
P0232,OH,548,821516.26,1499.1172627737226,0.10583941605839416
P0606,NC,296,821204.27,2774.33875,0.11148648648648649
P0326,AZ,262,816709.68,3117.2125190839697,0.08396946564885496
P0759,MI,270,813572.1,3013.23,0.08888888888888889
P0379,WA,374,813570.74,2175.322834224599,0.12032085561497326
P0024,NC,325,801962.47,2467.5768307692306,0.08615384615384615
P0559,NY,392,801317.99,2044.1785459183673,0.07653061224489796
P0738,NY,388,799900.82,2061.6000515463916,0.06443298969072164
P0104,NC,357,798841.78,2237.652044817927,0.09803921568627451
P0237,GA,277,798273.3,2881.8530685920578,0.07220216606498195
P0493,AZ,307,797508.45,2597.7473941368075,0.07166123778501629
P0394,NC,346,796067.93,2300.77436416185,0.0838150289017341
P0579,OH,349,789080.7,2260.9762177650427,0.09169054441260745
P0609,OH,208,788702.65,3791.8396634615387,0.057692307692307696
P0714,IL,321,788007.75,2454.8528037383176,0.11838006230529595
P0244,IL,397,787905.0,1984.647355163728,0.10831234256926953
P0626,AZ,293,786129.16,2683.034675767918,0.09215017064846416
P0629,PA,250,784085.34,3136.34136,0.056
P0011,CA,338,777101.42,2299.116627218935,0.09467455621301775
P0153,FL,477,767854.88,1609.7586582809224,0.09433962264150944
P0259,NC,453,763872.46,1686.2526710816776,0.06181015452538632
P0627,IL,383,762703.9,1991.393994778068,0.09138381201044386
P0092,GA,183,760287.43,4154.5761202185795,0.1092896174863388
P0045,IL,257,757058.15,2945.7515564202336,0.11284046692607004
P0330,MI,185,756811.82,4090.8747027027025,0.07567567567567568
P0275,IL,312,756320.2,2424.103205128205,0.09615384615384616
P0526,GA,298,755031.52,2533.6628187919464,0.14429530201342283
P0069,TX,139,754772.64,5430.018992805755,0.12949640287769784
P0533,IL,349,753771.49,2159.8036962750716,0.06303724928366762
P0192,TX,339,750647.83,2214.300383480826,0.10324483775811209
P0562,NY,535,748598.05,1399.248691588785,0.08037383177570094
P0389,OH,283,748416.75,2644.582155477032,0.08833922261484099
P0725,IL,239,745744.58,3120.270209205021,0.03765690376569038
P0572,TX,307,744164.76,2423.9894462540715,0.08469055374592833
P0386,GA,205,737434.7,3597.24243902439,0.06829268292682927
P0544,NC,319,737398.3,2311.5934169279,0.05956112852664577
P0161,MI,163,735854.41,4514.444233128835,0.06134969325153374
P0685,GA,269,733859.25,2728.1013011152418,0.10780669144981413
P0671,FL,269,732123.66,2721.6492936802974,0.07063197026022305
P0618,TX,315,726847.84,2307.45346031746,0.06031746031746032
P0345,AZ,196,722523.11,3686.3423979591835,0.0663265306122449
P0619,OH,409,722231.31,1765.8467237163816,0.09046454767726161
P0545,IL,195,720869.91,3696.7687692307695,0.06666666666666667
P0771,OH,315,720849.35,2288.410634920635,0.12380952380952381
P0309,TX,373,719033.02,1927.7024664879357,0.10455764075067024
P0088,GA,191,718554.22,3762.0639790575915,0.07329842931937172
P0287,PA,249,714228.23,2868.386465863454,0.09236947791164658
P0702,NC,328,711565.38,2169.4066463414633,0.06707317073170732
P0691,PA,239,709803.8,2969.890376569038,0.1087866108786611
P0652,PA,276,709769.68,2571.629275362319,0.057971014492753624
P0640,FL,315,708092.26,2247.9119365079364,0.12063492063492064
P0074,WA,190,707925.62,3725.9243157894734,0.08421052631578947
P0795,CA,311,707197.51,2273.9469774919617,0.06430868167202572
P0359,TX,270,706750.01,2617.5926296296298,0.11481481481481481
P0423,NY,162,706366.93,4360.289691358025,0.08641975308641975
P0067,GA,325,705149.52,2169.6908307692306,0.07384615384615385
P0243,WA,301,704090.45,2339.170930232558,0.08305647840531562
P0662,NY,337,703274.33,2086.8674480712166,0.0771513353115727
P0019,CA,263,701574.5,2667.583650190114,0.049429657794676805
P0538,NC,256,699225.89,2731.3511328125,0.11328125
P0721,OH,373,698244.22,1871.968418230563,0.09115281501340483
P0523,TX,325,697600.45,2146.462923076923,0.06769230769230769
P0055,CA,389,697217.45,1792.3327763496143,0.06426735218508997
P0649,OH,229,695114.21,3035.433231441048,0.09170305676855896
P0432,MI,191,694680.82,3637.072356020942,0.09947643979057591
P0381,GA,243,689933.13,2839.230987654321,0.1111111111111111
P0261,TX,178,685927.84,3853.5271910112356,0.06179775280898876
P0726,WA,162,682475.16,4212.80962962963,0.1111111111111111
P0041,CA,192,682398.09,3554.15671875,0.078125
P0699,WA,264,678874.42,2571.494015151515,0.09848484848484848
P0555,CA,226,678153.02,3000.677079646018,0.10619469026548672
P0751,WA,269,676342.49,2514.284349442379,0.08921933085501858
P0301,PA,254,675384.48,2658.9940157480314,0.1062992125984252
P0038,NY,240,671225.1,2796.77125,0.0375
P0100,OH,205,670282.74,3269.6719024390245,0.0975609756097561
P0185,OH,350,669451.15,1912.7175714285715,0.07428571428571429
P0787,IL,237,667385.52,2815.972658227848,0.0759493670886076
P0214,AZ,242,665947.92,2751.850909090909,0.06198347107438017
P0617,NC,248,663681.54,2676.135241935484,0.05241935483870968
P0570,NY,216,661150.56,3060.8822222222225,0.06481481481481481
P0701,NC,382,659475.6,1726.3759162303663,0.05759162303664921
P0347,NC,285,659018.27,2312.344807017544,0.08421052631578947
P0120,NY,137,658124.37,4803.827518248175,0.06569343065693431
P0218,PA,406,655649.37,1614.8999261083743,0.07881773399014778
P0756,TX,313,655467.93,2094.146741214058,0.14057507987220447
P0206,MI,330,655257.37,1985.6283939393938,0.1393939393939394
P0488,NY,293,654448.47,2233.6125255972697,0.04778156996587031
P0608,TX,222,650448.27,2929.9471621621624,0.09009009009009009
P0007,FL,180,646742.35,3593.0130555555556,0.09444444444444444
P0477,NY,274,646610.62,2359.8927737226277,0.04744525547445255
P0634,TX,270,646547.75,2394.6212962962964,0.08888888888888889
P0384,FL,351,646254.72,1841.1815384615384,0.10256410256410256
P0369,PA,305,645434.33,2116.1781311475406,0.09180327868852459
P0744,CA,314,644920.31,2053.886337579618,0.07961783439490445
P0213,PA,343,643590.53,1876.3572303206997,0.07871720116618076
P0315,PA,270,643063.39,2381.7162592592595,0.10740740740740741
P0646,AZ,227,641762.77,2827.1487665198238,0.06167400881057269
P0753,IL,235,639839.58,2722.7216170212764,0.05531914893617021
P0105,OH,279,639577.14,2292.391182795699,0.1039426523297491
P0576,FL,336,637192.33,1896.405744047619,0.050595238095238096
P0512,TX,295,634029.73,2149.2533220338983,0.09152542372881356
P0228,NY,228,633155.4,2776.9973684210527,0.11403508771929824
P0139,NY,268,627953.94,2343.1117164179104,0.041044776119402986
P0449,MI,375,626009.86,1669.3596266666666,0.06133333333333333
P0718,GA,292,624807.31,2139.751061643836,0.0958904109589041
P0115,NC,206,623710.77,3027.7221844660194,0.06310679611650485
P0468,WA,286,622333.49,2175.9912237762237,0.08041958041958042
P0563,NY,286,619707.06,2166.807902097902,0.0944055944055944
P0179,AZ,237,619655.79,2614.5813924050635,0.1308016877637131
P0575,NC,172,619086.26,3599.3387209302327,0.08139534883720931
P0415,AZ,312,617588.05,1979.4488782051283,0.125
P0447,WA,357,617493.42,1729.6734453781514,0.11204481792717087
P0295,FL,296,615004.39,2077.717533783784,0.11824324324324324
P0040,WA,242,613073.5599999999,2533.361818181818,0.08677685950413223
P0476,NY,201,612212.39,3045.832786069652,0.13432835820895522
P0528,PA,166,612178.65,3687.8231927710845,0.13855421686746988
P0365,MI,140,611463.84,4367.598857142857,0.05
P0220,NY,173,610873.62,3531.061387283237,0.06358381502890173
P0278,GA,333,610820.74,1834.2965165165165,0.14414414414414414
P0484,PA,244,609160.62,2496.5599180327868,0.0942622950819672
P0612,CA,203,608619.31,2998.124679802956,0.059113300492610835
P0357,CA,311,603212.88,1939.5912540192926,0.10932475884244373
P0539,FL,260,595640.37,2290.9245,0.11153846153846154
P0260,GA,241,594147.98,2465.344315352697,0.08713692946058091
P0341,NC,445,591809.83,1329.9097303370786,0.0696629213483146
P0340,PA,194,590986.1,3046.3201030927835,0.07216494845360824
P0387,TX,288,590804.26,2051.4036805555556,0.1076388888888889
P0058,OH,357,589706.94,1651.8401680672268,0.11204481792717087
P0600,MI,212,588724.11,2777.0005188679243,0.09433962264150944
P0554,OH,207,588414.4,2842.5816425120775,0.13526570048309178
P0428,WA,387,586810.55,1516.3063307493542,0.05167958656330749
P0560,OH,317,585679.37,1847.5689905362776,0.06309148264984227
P0367,IL,171,581325.23,3399.5627485380114,0.07602339181286549
P0680,MI,261,580757.09,2225.122950191571,0.06896551724137931
P0172,TX,183,570349.38,3116.6632786885248,0.10382513661202186
P0448,AZ,226,567617.56,2511.5821238938056,0.035398230088495575
P0758,AZ,257,566901.69,2205.8431517509725,0.058365758754863814
P0437,PA,150,561786.3099999999,3745.2420666666662,0.06
P0400,IL,253,561237.01,2218.3281027667986,0.09486166007905138
P0661,TX,268,557875.08,2081.623432835821,0.08955223880597014
P0101,PA,134,556275.12,4151.306865671641,0.05970149253731343
P0060,NC,308,555225.25,1802.6793831168832,0.08441558441558442
P0542,CA,225,553352.0,2459.342222222222,0.14666666666666667
P0273,NC,158,553032.36,3500.2048101265823,0.13924050632911392
P0682,NY,218,552735.26,2535.4828440366973,0.11009174311926606
P0286,IL,180,552707.8,3070.598888888889,0.08333333333333333
P0138,NY,315,548314.84,1740.6820317460317,0.044444444444444446
P0648,AZ,188,547829.25,2913.9853723404253,0.07446808510638298
P0132,GA,212,545908.64,2575.040754716981,0.07075471698113207
P0657,OH,324,543786.57,1678.353611111111,0.09259259259259259
P0694,IL,167,543508.97,3254.544730538922,0.03592814371257485
P0028,NC,270,542514.19,2009.3118148148146,0.05555555555555555
P0534,AZ,301,541023.51,1797.4202990033223,0.046511627906976744
P0114,CA,182,539562.85,2964.631043956044,0.09340659340659341
P0796,PA,136,535428.9,3936.9772058823532,0.11029411764705882
P0110,AZ,206,535210.44,2598.1089320388346,0.04854368932038835
P0631,OH,225,534081.28,2373.694577777778,0.07555555555555556
P0673,TX,211,533519.39,2528.5279146919434,0.0947867298578199
P0757,GA,198,531112.26,2682.3851515151514,0.05555555555555555
P0392,GA,205,530536.66,2587.9837073170734,0.06341463414634146
P0146,CA,205,526568.08,2568.624780487805,0.07804878048780488
P0704,FL,178,525371.92,2951.5276404494384,0.06741573033707865
P0279,TX,177,523862.85000000003,2959.677118644068,0.06779661016949153
P0329,NY,231,523078.52999999997,2264.4092207792205,0.09956709956709957
P0123,GA,195,523004.52999999997,2682.0745128205126,0.1282051282051282
P0456,AZ,183,520675.64,2845.2220765027323,0.08743169398907104
P0644,MI,161,519759.45,3228.3195652173913,0.10559006211180125
P0170,IL,257,519573.58,2021.6870817120623,0.08949416342412451
P0082,OH,359,515644.71,1436.3362395543177,0.0807799442896936
P0317,FL,194,515265.25,2656.006443298969,0.061855670103092786
P0676,OH,246,514657.66,2092.104308943089,0.06910569105691057
P0732,OH,177,513807.26,2902.865875706215,0.07344632768361582
P0300,WA,188,511449.47,2720.475904255319,0.07446808510638298
P0426,GA,154,510208.1,3313.03961038961,0.11688311688311688
P0202,FL,133,507355.41,3814.7023308270673,0.06766917293233082
P0084,CA,219,504887.06,2305.4203652968035,0.0821917808219178
P0549,TX,139,503524.42,3622.4778417266184,0.07194244604316546
P0307,WA,236,503086.5,2131.7224576271187,0.0847457627118644
P0642,PA,234,500450.33,2138.676623931624,0.05555555555555555
P0063,CA,173,499849.35,2889.302601156069,0.10404624277456648
P0647,GA,104,499357.85,4801.517788461539,0.057692307692307696
P0678,FL,121,498393.28,4118.952727272727,0.03305785123966942
P0594,IL,174,495955.93,2850.321436781609,0.09770114942528736
P0768,WA,101,494247.99,4893.544455445544,0.09900990099009901
P0249,OH,225,493791.78,2194.6301333333336,0.09777777777777778
P0425,AZ,229,491869.7,2147.9026200873363,0.06550218340611354
P0784,PA,216,488824.67,2263.077175925926,0.032407407407407406
P0234,FL,118,487786.23,4133.781610169492,0.09322033898305085
P0131,WA,295,487713.83,1653.2672203389832,0.10847457627118644
P0269,NC,181,482258.15,2664.4096685082873,0.11049723756906077
P0001,WA,187,481568.56,2575.2329411764704,0.0481283422459893
P0416,IL,140,480956.57,3435.4040714285716,0.10714285714285714
P0200,MI,223,478683.15,2146.561210762332,0.1031390134529148
P0314,IL,280,477352.12,1704.829,0.09285714285714286
P0670,NC,268,476450.83,1777.801604477612,0.048507462686567165
P0310,MI,263,475333.44,1807.351482889734,0.11026615969581749
P0550,WA,153,473627.59,3095.605163398693,0.058823529411764705
P0203,MI,244,472658.43,1937.124713114754,0.08196721311475409
P0577,NY,99,470751.39,4755.064545454546,0.050505050505050504
P0240,TX,254,469958.75,1850.2312992125985,0.12598425196850394
P0238,PA,166,469753.46,2829.840120481928,0.10240963855421686
P0383,WA,177,469346.79,2651.676779661017,0.0847457627118644
P0623,PA,179,467086.34,2609.4208938547486,0.1005586592178771
P0156,FL,231,464961.4,2012.8199134199135,0.06493506493506493
P0281,NC,157,464183.84,2956.5849681528666,0.14012738853503184
P0256,NY,144,461875.58,3207.469305555556,0.1111111111111111
P0628,NY,230,459951.33,1999.788391304348,0.05652173913043478
P0733,NC,141,459277.27,3257.2856028368797,0.04964539007092199
P0009,NY,153,458602.17,2997.3998039215685,0.0915032679738562
P0299,FL,153,458233.64999999997,2994.991176470588,0.16993464052287582
P0713,MI,146,457325.89,3132.3691095890413,0.11643835616438356
P0776,AZ,330,455759.35,1381.0889393939394,0.11212121212121212
P0667,CA,231,454939.17,1969.4336363636362,0.08225108225108226
P0709,AZ,183,452642.3,2473.4551912568304,0.07650273224043716
P0242,FL,117,451125.78,3855.7758974358976,0.05982905982905983
P0099,FL,100,450118.38,4501.1838,0.02
P0136,WA,148,449719.07,3038.6423648648647,0.13513513513513514
P0465,MI,146,447530.82,3065.2795890410957,0.11643835616438356
P0163,WA,195,445621.04,2285.2361025641026,0.07692307692307693
P0285,TX,237,445064.1,1877.9075949367088,0.04219409282700422
P0798,OH,202,444295.28,2199.481584158416,0.06930693069306931
P0622,WA,148,442023.45,2986.6449324324326,0.05405405405405406
P0274,NC,120,441841.36,3682.0113333333334,0.05
P0524,FL,205,441121.69,2151.8131219512197,0.04390243902439024
P0565,TX,161,439387.99,2729.117950310559,0.13043478260869565
P0255,CA,147,437460.81,2975.9238775510203,0.06802721088435375
P0168,FL,185,437219.02999999997,2363.3461081081077,0.07567567567567568
P0763,TX,130,436329.52,3356.3809230769234,0.046153846153846156
P0620,MI,145,432834.98,2985.0688275862067,0.13793103448275862
P0226,TX,123,432737.29,3518.189349593496,0.0975609756097561
P0103,OH,178,432064.19,2427.3269101123597,0.12359550561797752
P0356,NC,108,425483.48,3939.6618518518517,0.09259259259259259
P0782,MI,177,425228.17,2402.4190395480223,0.13559322033898305
P0587,IL,221,424217.12,1919.534479638009,0.049773755656108594
P0799,NC,117,423863.79,3622.767435897436,0.05128205128205128
P0507,MI,141,420878.2,2984.9517730496455,0.1347517730496454
P0294,NC,176,420186.87,2387.425397727273,0.10227272727272728
P0700,CA,182,419472.01,2304.7912637362638,0.027472527472527472
P0696,PA,119,416085.61,3496.517731092437,0.07563025210084033
P0535,OH,114,414845.02999999997,3638.99149122807,0.06140350877192982
P0144,IL,174,413953.36,2379.0422988505748,0.07471264367816093
P0254,NY,179,413622.55,2310.740502793296,0.061452513966480445
P0068,NY,223,412501.63,1849.7830941704035,0.08520179372197309
P0248,NY,221,412308.66000000003,1865.650045248869,0.10407239819004525
P0358,CA,165,411408.47000000003,2493.384666666667,0.05454545454545454
P0722,TX,134,411085.72,3067.8038805970145,0.1044776119402985
P0090,IL,211,409947.24,1942.877914691943,0.10426540284360189
P0223,MI,160,409495.99,2559.3499375,0.04375
P0703,FL,213,408121.25,1916.06220657277,0.08450704225352113
P0766,NY,276,407596.94,1476.8005072463768,0.09782608695652174
P0112,MI,251,407577.34,1623.8141035856574,0.055776892430278883
P0557,IL,246,404897.32,1645.9240650406505,0.10975609756097561
P0014,OH,140,398529.14,2846.6367142857143,0.08571428571428572
P0312,GA,142,392798.8,2766.188732394366,0.1056338028169014
P0062,NC,106,389980.78,3679.063962264151,0.0660377358490566
P0054,TX,127,388671.43,3060.4049606299213,0.06299212598425197
P0344,GA,236,386136.01,1636.1695338983052,0.07203389830508475
P0525,WA,138,384630.06,2787.174347826087,0.07246376811594203
P0406,GA,171,384439.47,2248.184035087719,0.07602339181286549
P0521,NC,156,382697.33,2453.188012820513,0.04487179487179487
P0543,OH,163,381533.17,2340.6942944785274,0.06134969325153374
P0078,TX,226,379684.03,1680.0178318584071,0.10176991150442478
P0435,FL,177,377532.38,2132.9512994350284,0.0847457627118644
P0610,PA,177,375527.03,2121.6216384180793,0.05084745762711865
P0458,TX,185,374691.22000000003,2025.357945945946,0.13513513513513514
P0603,IL,237,372910.35,1573.4613924050632,0.1308016877637131
P0611,IL,207,368320.42,1779.3257004830916,0.033816425120772944
P0459,TX,144,367568.55,2552.559375,0.08333333333333333
P0755,AZ,194,366266.23,1887.9702577319586,0.09278350515463918
P0081,NY,95,365076.21,3842.907473684211,0.07368421052631578
P0483,GA,154,364554.02999999997,2367.233961038961,0.07792207792207792
P0308,NC,159,364275.52,2291.0410062893084,0.07547169811320754
P0332,FL,95,362744.67,3818.364947368421,0.010526315789473684
P0706,OH,166,362635.3,2184.5499999999997,0.14457831325301204
P0388,WA,169,362177.98,2143.064970414201,0.011834319526627219
P0527,FL,122,361845.41,2965.945983606557,0.03278688524590164
P0778,FL,159,361546.73,2273.8788050314465,0.050314465408805034
P0418,MI,114,360032.03,3158.1757017543864,0.18421052631578946
P0596,GA,193,358564.73,1857.8483419689119,0.05699481865284974
P0253,IL,172,357571.12,2078.9018604651164,0.0872093023255814
P0580,FL,154,357543.82,2321.713116883117,0.16883116883116883
P0005,PA,190,357320.37,1880.6335263157894,0.08947368421052632
P0380,OH,171,357101.03,2088.3101169590645,0.07602339181286549
P0268,OH,257,355044.66,1381.4967315175097,0.11284046692607004
P0245,OH,206,354316.22,1719.9816504854368,0.0825242718446602
P0401,NC,154,354278.81,2300.5117532467534,0.03896103896103896
P0697,MI,160,352867.02,2205.4188750000003,0.05
P0353,WA,126,352838.07,2800.302142857143,0.07936507936507936
P0574,NY,124,352472.39,2842.5192741935484,0.08064516129032258
P0102,WA,75,351265.92,4683.5455999999995,0.06666666666666667
P0371,AZ,85,349579.72000000003,4112.702588235295,0.058823529411764705
P0445,NC,104,349473.92,3360.326153846154,0.057692307692307696
P0277,CA,175,348984.68,1994.1981714285714,0.12571428571428572
P0284,NY,139,348689.71,2508.5590647482018,0.08633093525179857
P0083,GA,127,347667.81,2737.541811023622,0.09448818897637795
P0195,PA,112,345755.56,3087.1032142857143,0.08928571428571429
P0403,TX,124,344766.65,2780.3762096774194,0.04032258064516129
P0124,NC,114,343729.62,3015.172105263158,0.06140350877192982
P0724,NY,151,342178.65,2266.0837748344375,0.09271523178807947
P0158,NY,106,341785.84,3224.394716981132,0.16037735849056603
P0424,PA,184,341272.34,1854.7409782608697,0.09782608695652174
P0411,NY,208,340534.06,1637.1829807692307,0.11057692307692307
P0793,WA,187,339568.3,1815.8732620320854,0.08021390374331551
P0568,OH,205,339496.16,1656.0788292682926,0.05853658536585366
P0323,NC,109,338485.69,3105.3733027522935,0.045871559633027525
P0510,NY,157,338269.18,2154.58076433121,0.05732484076433121
P0036,FL,156,338116.86,2167.415769230769,0.08333333333333333
P0752,AZ,157,335605.95,2137.6175159235668,0.10828025477707007
P0306,PA,114,334422.19,2933.5279824561403,0.07894736842105263
P0017,WA,95,331460.81,3489.061157894737,0.031578947368421054
P0080,WA,120,330928.26,2757.7355000000002,0.075
P0049,CA,135,329498.92,2440.7327407407406,0.037037037037037035
P0779,FL,156,328604.65,2106.440064102564,0.038461538461538464
P0413,WA,117,328246.56,2805.5261538461536,0.03418803418803419
P0348,NC,162,328018.1,2024.8030864197528,0.09876543209876543
P0222,FL,165,324288.31,1965.383696969697,0.06060606060606061
P0514,NY,153,323433.76,2113.94614379085,0.06535947712418301
P0265,NY,135,322422.33,2388.3135555555555,0.08888888888888889
P0193,NY,192,321489.65,1674.4252604166668,0.08333333333333333
P0556,PA,116,320972.42,2767.0036206896552,0.034482758620689655
P0450,IL,165,319153.75,1934.2651515151515,0.07878787878787878
P0196,WA,67,318958.79,4760.57895522388,0.07462686567164178
P0066,TX,100,317696.02,3176.9602,0.05
P0675,OH,121,317666.14,2625.34,0.06611570247933884
P0128,GA,152,317231.43,2087.048881578947,0.09210526315789473
P0086,WA,146,316631.71,2168.7103424657535,0.07534246575342465
P0454,WA,137,316328.32,2308.9658394160583,0.06569343065693431
P0748,AZ,207,315050.95,1521.985265700483,0.057971014492753624
P0474,FL,138,314414.18,2278.3636231884057,0.08695652173913043
P0091,TX,125,314159.05,2513.2724,0.104
P0076,NY,135,313487.42,2322.129037037037,0.07407407407407407
P0127,WA,160,313021.59,1956.3849375000002,0.05
P0601,NY,88,312012.74,3545.599318181818,0.14772727272727273
P0258,WA,220,308348.34,1401.5833636363639,0.09090909090909091
P0385,CA,173,305736.37,1767.2622543352602,0.06358381502890173
P0687,WA,122,301505.27999999997,2471.3547540983604,0.06557377049180328
P0480,FL,169,299983.73,1775.0516568047335,0.05917159763313609
P0182,IL,103,299402.88,2906.824077669903,0.04854368932038835
P0130,AZ,159,295548.89,1858.7980503144654,0.05660377358490566
P0638,TX,119,294277.57,2472.920756302521,0.05042016806722689
P0370,MI,119,294108.77,2471.502268907563,0.06722689075630252
P0681,NC,145,290444.18,2003.0633103448276,0.1103448275862069
P0522,NY,227,289693.1,1276.1810572687223,0.0881057268722467
P0152,NY,162,289245.87,1785.4683333333332,0.10493827160493827
P0614,PA,89,288701.1,3243.8325842696627,0.0449438202247191
P0159,TX,120,287356.64,2394.6386666666667,0.125
P0589,NC,93,287156.8,3087.7075268817202,0.03225806451612903
P0516,GA,80,284319.19,3553.989875,0.05
P0354,NC,134,283689.19,2117.0835074626866,0.05223880597014925
P0772,MI,116,282590.32,2436.1234482758623,0.06896551724137931
P0183,CA,96,282425.39,2941.9311458333336,0.08333333333333333
P0032,NC,120,281352.92,2344.6076666666663,0.06666666666666667
P0501,GA,169,280805.2,1661.569230769231,0.07100591715976332
P0335,AZ,159,279908.87,1760.433144654088,0.10062893081761007
P0121,NC,83,278096.04,3350.5546987951807,0.07228915662650602
P0791,AZ,129,277830.76,2153.7268217054266,0.07751937984496124
P0360,PA,84,277187.42,3299.8502380952377,0.07142857142857142
P0405,TX,129,275967.95,2139.2864341085274,0.07751937984496124
P0491,PA,143,275669.06,1927.7556643356643,0.08391608391608392
P0219,NY,126,275659.56,2187.7742857142857,0.0873015873015873
P0773,OH,174,270744.13,1556.0007471264369,0.10344827586206896
P0390,CA,93,270680.57,2910.5437634408604,0.043010752688172046
P0331,NY,90,270105.33,3001.1703333333335,0.08888888888888889
P0272,NY,86,270035.75,3139.9505813953488,0.09302325581395349
P0537,NY,113,269813.31,2387.728407079646,0.11504424778761062
P0018,WA,177,269733.53,1523.9182485875708,0.096045197740113
P0541,TX,100,269704.35,2697.0434999999998,0.05
P0050,AZ,154,269041.12,1747.0202597402597,0.11038961038961038
P0065,IL,178,267791.11,1504.444438202247,0.0898876404494382
P0485,AZ,114,267515.12,2346.6238596491226,0.017543859649122806
P0615,WA,149,267331.58,1794.1716778523491,0.14093959731543623
P0677,FL,119,263559.0,2214.781512605042,0.1092436974789916
P0407,MI,166,263193.27,1585.5016265060242,0.060240963855421686
P0472,TX,115,262953.29,2286.5503478260866,0.06086956521739131
P0453,AZ,139,262366.06,1887.5256115107914,0.07194244604316546
P0591,WA,142,261732.24,1843.1847887323943,0.04929577464788732
P0592,IL,75,260536.11000000002,3473.8148,0.08
P0366,NY,95,260193.83,2738.8824210526313,0.05263157894736842
P0199,IL,97,259340.04,2673.6086597938147,0.041237113402061855
P0225,MI,113,259243.31,2294.1885840707964,0.08849557522123894
P0588,FL,140,258187.77,1844.198357142857,0.09285714285714286
P0201,PA,128,257403.77,2010.966953125,0.078125
P0792,IL,122,256808.07,2104.984180327869,0.05737704918032787
P0788,PA,98,256650.36000000002,2618.8812244897963,0.14285714285714285
P0079,WA,131,256477.41,1957.842824427481,0.07633587786259542
P0207,WA,95,254531.76,2679.2816842105262,0.09473684210526316
P0227,MI,131,254147.19,1940.0548854961833,0.0916030534351145
P0338,FL,88,252086.59,2864.620340909091,0.056818181818181816
P0059,GA,133,250903.57,1886.493007518797,0.06015037593984962
P0085,NY,170,250122.31,1471.3077058823528,0.058823529411764705
P0586,MI,76,249435.35,3282.0440789473687,0.07894736842105263
P0749,TX,89,248416.71,2791.1989887640448,0.033707865168539325
P0683,FL,98,247728.54,2527.842244897959,0.11224489795918367
P0241,CA,70,247535.43,3536.2204285714283,0.2
P0037,IL,68,245825.58000000002,3615.0820588235297,0.10294117647058823
P0097,TX,142,245391.75,1728.1109154929577,0.14084507042253522
P0035,WA,107,240330.07,2246.0754205607477,0.037383177570093455
P0598,IL,62,238313.16,3843.7606451612905,0.06451612903225806
P0578,GA,102,237834.33000000002,2331.709117647059,0.12745098039215685
P0180,NC,127,235251.72,1852.375748031496,0.03937007874015748
P0777,CA,110,235122.06,2137.4732727272726,0.08181818181818182
P0021,TX,90,234352.02,2603.911333333333,0.12222222222222222
P0174,OH,149,229784.07,1542.174966442953,0.09395973154362416
P0162,GA,132,228705.11,1732.6144696969695,0.045454545454545456
P0271,AZ,120,228399.81,1903.33175,0.09166666666666666
P0057,NY,165,226206.58000000002,1370.9489696969697,0.08484848484848485
P0654,CA,136,225996.24,1661.7370588235294,0.058823529411764705
P0336,PA,118,225719.37,1912.8760169491525,0.059322033898305086
P0276,WA,64,224321.77,3505.02765625,0.078125
P0509,CA,96,223719.15,2330.4078125,0.041666666666666664
P0142,TX,165,221935.55,1345.0639393939393,0.10303030303030303
P0252,WA,82,221119.75,2696.5823170731705,0.0975609756097561
P0177,GA,90,220768.26,2452.980666666667,0.06666666666666667
P0262,PA,128,218725.83,1708.795546875,0.03125
P0093,TX,97,217530.92,2242.5868041237113,0.08247422680412371
P0463,NC,134,215869.14,1610.9637313432836,0.08208955223880597
P0674,NC,67,215093.98,3210.3579104477612,0.029850746268656716
P0239,AZ,77,213288.36000000002,2769.9787012987017,0.05194805194805195
P0519,GA,132,211977.07,1605.886893939394,0.08333333333333333
P0705,AZ,101,211681.96,2095.86099009901,0.09900990099009901
P0075,WA,130,209824.36000000002,1614.0335384615387,0.05384615384615385
P0190,NC,104,205851.86,1979.3448076923075,0.028846153846153848
P0166,NC,126,205784.81,1633.2127777777778,0.0873015873015873
P0382,MI,48,205264.73,4276.348541666667,0.0
P0233,OH,77,205164.31,2664.4715584415585,0.09090909090909091
P0800,AZ,118,205121.69,1738.319406779661,0.11016949152542373
P0479,CA,107,204633.11000000002,1912.458971962617,0.07476635514018691
P0373,FL,73,204014.34,2794.7169863013696,0.0958904109589041
P0169,GA,66,203271.82,3079.8760606060605,0.09090909090909091
P0688,FL,103,202806.53,1968.9954368932038,0.0970873786407767
P0511,FL,130,201519.69,1550.1514615384615,0.07692307692307693
P0457,MI,121,200852.43,1659.9374380165289,0.10743801652892562
P0693,PA,42,197281.33000000002,4697.1745238095245,0.0
P0451,CA,85,197251.05,2320.600588235294,0.047058823529411764
P0765,IL,68,197102.51,2898.566323529412,0.11764705882352941
P0487,GA,112,196266.56,1752.3799999999999,0.125
P0581,WA,74,195564.11000000002,2642.7582432432437,0.10810810810810811
P0071,PA,90,193743.13,2152.7014444444444,0.05555555555555555
P0030,OH,119,193344.88,1624.7468907563025,0.07563025210084033
P0770,NY,82,192956.87,2353.1325609756095,0.0975609756097561
P0711,NY,81,192773.35,2379.917901234568,0.13580246913580246
P0571,MI,104,191482.9,1841.1817307692306,0.09615384615384616
P0761,TX,114,189567.14,1662.8696491228072,0.07894736842105263
P0016,GA,55,189193.9,3439.889090909091,0.07272727272727272
P0349,GA,61,186407.51,3055.860819672131,0.11475409836065574
P0737,PA,58,186042.56,3207.630344827586,0.034482758620689655
P0513,AZ,94,186039.65,1979.1452127659575,0.07446808510638298
P0498,GA,138,184555.39,1337.3578985507247,0.10144927536231885
P0108,NY,119,184392.82,1549.5194957983194,0.05042016806722689
P0786,OH,100,181236.91,1812.3691000000001,0.08
P0293,FL,112,180945.71,1615.5866964285713,0.07142857142857142
P0184,WA,98,179885.96,1835.5710204081631,0.1836734693877551
P0325,NY,53,176501.89,3330.2243396226418,0.09433962264150944
P0160,IL,123,176223.44,1432.7108943089431,0.13008130081300814
P0316,WA,101,175284.37,1735.488811881188,0.09900990099009901
P0106,NC,94,174972.67,1861.4113829787236,0.0425531914893617
P0482,PA,56,173692.22,3101.6467857142857,0.16071428571428573
P0679,WA,55,172860.7,3142.9218181818183,0.16363636363636364
P0094,FL,85,171189.71,2013.996588235294,0.023529411764705882
P0489,NY,57,169339.18,2970.8628070175437,0.12280701754385964
P0141,AZ,96,164092.04,1709.2920833333335,0.11458333333333333
P0561,GA,84,161307.36000000002,1920.3257142857144,0.11904761904761904
P0785,NC,118,159658.68,1353.0396610169491,0.0847457627118644
P0762,PA,76,158322.66,2083.192894736842,0.18421052631578946
P0496,OH,90,157890.57,1754.3396666666667,0.1
P0377,NC,99,156379.04,1579.5862626262626,0.1717171717171717
P0742,TX,64,156355.18,2443.0496875,0.03125
P0593,GA,45,154577.9,3435.0644444444442,0.022222222222222223
P0707,NC,56,153918.15,2748.5383928571428,0.10714285714285714
P0429,FL,88,152621.63,1734.3367045454545,0.09090909090909091
P0716,AZ,61,151420.81,2482.3083606557375,0.14754098360655737
P0455,NC,47,150959.04,3211.8944680851064,0.02127659574468085
P0343,NC,69,148990.03,2159.2757971014494,0.043478260869565216
P0176,WA,77,146289.16,1899.8592207792208,0.11688311688311688
P0624,CA,86,146165.37,1699.5973255813954,0.22093023255813954
P0266,MI,114,144549.57,1267.9786842105264,0.10526315789473684
P0304,OH,101,144465.26,1430.3491089108911,0.12871287128712872
P0056,WA,61,138695.89,2273.703114754099,0.06557377049180328
P0767,OH,63,138456.27,2197.718571428571,0.031746031746031744
P0264,OH,48,137540.24,2865.4216666666666,0.08333333333333333
P0664,AZ,70,134873.03,1926.7575714285715,0.07142857142857142
P0495,PA,65,133624.94,2055.7683076923076,0.07692307692307693
P0327,NY,61,132854.5,2177.94262295082,0.06557377049180328
P0595,PA,68,132505.53,1948.6107352941176,0.11764705882352941
P0337,PA,88,130692.84,1485.145909090909,0.022727272727272728
P0547,TX,57,129510.24,2272.1094736842106,0.08771929824561403
P0486,OH,42,129438.21,3081.862142857143,0.09523809523809523
P0143,OH,39,122599.55,3143.5782051282054,0.05128205128205128
P0584,TX,81,121560.27,1500.7440740740742,0.06172839506172839
P0328,PA,63,119988.95,1904.5865079365078,0.06349206349206349
P0736,PA,55,116927.11,2125.9474545454545,0.10909090909090909
P0251,NC,44,114942.05,2612.3193181818183,0.06818181818181818
P0003,TX,36,114573.64,3182.601111111111,0.2777777777777778
P0342,TX,70,113056.34999999999,1615.090714285714,0.1
P0567,OH,58,112474.44,1939.2144827586208,0.05172413793103448
P0780,MI,77,112019.66,1454.8007792207793,0.05194805194805195
P0004,TX,26,111374.34,4283.628461538461,0.15384615384615385
P0250,OH,69,110094.44,1595.5715942028985,0.18840579710144928
P0211,GA,31,109459.63,3530.955806451613,0.06451612903225806
P0536,IL,52,109332.18,2102.541923076923,0.07692307692307693
P0224,NC,100,107917.09,1079.1709,0.09
P0746,AZ,36,99653.11,2768.1419444444446,0.1388888888888889
P0433,TX,45,98675.51,2192.789111111111,0.044444444444444446
P0473,PA,50,94614.92,1892.2984,0.04
P0282,IL,31,87383.25,2818.814516129032,0.06451612903225806
P0708,IL,30,87064.62000000001,2902.1540000000005,0.03333333333333333
P0632,AZ,30,86251.83,2875.061,0.06666666666666667
P0029,AZ,37,85241.26,2303.8178378378375,0.05405405405405406
P0322,WA,36,84236.29,2339.896944444444,0.05555555555555555
P0117,NY,47,75514.91,1606.7002127659575,0.10638297872340426
P0731,MI,41,74734.73,1822.7982926829268,0.04878048780487805
P0012,NC,52,71737.51,1379.5674999999999,0.19230769230769232
P0438,TX,46,71340.29,1550.8758695652173,0.2391304347826087
P0229,IL,54,70965.81999999999,1314.1818518518517,0.14814814814814814
P0462,TX,30,70859.11,2361.970333333333,0.1
P0604,NY,25,69758.56,2790.3424,0.0
P0077,FL,33,62851.96,1904.6048484848484,0.06060606060606061
P0154,TX,30,58119.590000000004,1937.3196666666668,0.06666666666666667
P0150,WA,41,55316.55,1349.1841463414635,0.024390243902439025
P0204,NY,32,53953.74,1686.054375,0.03125
P0399,FL,38,46363.62,1220.0952631578948,0.15789473684210525
P0650,IL,17,39712.19,2336.0111764705885,0.11764705882352941
P0548,OH,17,37584.63,2210.860588235294,0.0
P0107,CA,23,34676.38,1507.6686956521737,0.043478260869565216
P0025,TX,11,16132.57,1466.5972727272726,0.18181818181818182
