claim_id,patient_id,provider_id,diagnosis,procedure,claim_date,paid_amount
CLM000014210,PT0050028,P0659,Heart Failure,PROC_109,2024-10-24,40364.25
CLM000045354,PT0034809,P0048,Heart Failure,PROC_109,2023-12-26,37891.15
CLM000179802,PT0014089,P0197,Pneumonia,PROC_109,2023-08-25,35389.61
CLM000200227,PT0062441,P0048,Sepsis,PROC_109,2025-02-07,33562.22
CLM000211000,PT0055373,P0048,Pneumonia,PROC_109,2023-05-08,32563.87
CLM000217456,PT0056986,P0208,Heart Failure,PROC_109,2023-11-14,32262.17
CLM000134939,PT0076243,P0283,Autoimmune Disorder,PROC_110,2023-07-13,31439.2
CLM000089551,PT0026824,P0605,Cancer,PROC_110,2025-12-13,31187.83
CLM000125910,PT0051337,P0283,Heart Failure,PROC_109,2024-02-09,30897.03
CLM000054275,PT0039854,P0605,Pneumonia,PROC_109,2024-11-21,30553.77
CLM000135914,PT0010752,P0197,Pneumonia,PROC_109,2024-09-06,30456.37
CLM000112601,PT0052170,P0048,Pneumonia,PROC_109,2025-08-29,30451.32
CLM000236466,PT0058151,P0048,Sepsis,PROC_109,2025-08-06,30207.61
CLM000078865,PT0081669,P0048,Sepsis,PROC_109,2025-08-21,30136.58
CLM000211149,PT0078248,P0215,Pneumonia,PROC_109,2025-08-31,30081.68
CLM000200657,PT0037441,P0048,Kidney Disease,PROC_110,2023-11-06,29643.4
CLM000019192,PT0022625,P0048,Pneumonia,PROC_109,2024-08-30,29528.51
CLM000245407,PT0018681,P0048,Cancer,PROC_110,2023-01-18,29506.55
CLM000005785,PT0009065,P0197,Pneumonia,PROC_109,2024-03-04,29488.16
CLM000036092,PT0062459,P0048,Cataract,PROC_108,2024-04-25,29194.02
CLM000193991,PT0044023,P0125,Autoimmune Disorder,PROC_110,2025-11-01,29112.65
CLM000219418,PT0013032,P0741,Sepsis,PROC_109,2024-12-02,28563.53
CLM000147575,PT0065634,P0197,Heart Failure,PROC_109,2024-08-11,28489.06
CLM000243042,PT0011854,P0125,Sepsis,PROC_109,2025-01-03,28471.34
CLM000202629,PT0069547,P0048,Sepsis,PROC_109,2024-01-23,28311.53
CLM000229306,PT0010342,P0048,Heart Failure,PROC_109,2024-04-09,28255.67
CLM000091292,PT0002566,P0048,Kidney Disease,PROC_110,2025-09-17,28149.26
CLM000011179,PT0034109,P0790,Cancer,PROC_110,2024-05-11,27955.46
CLM000127966,PT0002668,P0161,Sepsis,PROC_109,2025-01-10,27733.11
CLM000107879,PT0021881,P0095,Pneumonia,PROC_109,2023-03-27,27703.38
CLM000209315,PT0038146,P0217,Sepsis,PROC_109,2025-05-14,27565.76
CLM000071346,PT0020704,P0048,Sepsis,PROC_109,2024-09-21,27510.43
CLM000030664,PT0015564,P0178,Osteoarthritis,PROC_108,2023-02-01,27308.53
CLM000100822,PT0052625,P0569,Cataract,PROC_108,2023-05-04,27292.97
CLM000129523,PT0036309,P0048,Sepsis,PROC_109,2023-11-21,26891.94
CLM000178392,PT0072067,P0197,Sepsis,PROC_109,2023-05-15,26823.11
CLM000106611,PT0056764,P0048,Heart Failure,PROC_109,2023-03-10,26596.51
CLM000068826,PT0040389,P0790,Sepsis,PROC_109,2025-12-09,26460.56
CLM000039939,PT0020705,P0048,Pneumonia,PROC_109,2024-10-16,26417.04
CLM000059162,PT0048334,P0423,Pneumonia,PROC_109,2024-03-30,26415.04
CLM000155605,PT0047985,P0790,Heart Failure,PROC_109,2023-07-23,26164.49
CLM000131190,PT0070266,P0120,Heart Failure,PROC_109,2023-01-16,26160.57
CLM000155096,PT0037521,P0221,Pneumonia,PROC_109,2024-02-28,26081.63
CLM000035506,PT0001793,P0178,Heart Failure,PROC_109,2023-08-11,26078.87
CLM000098696,PT0021284,P0048,Cancer,PROC_110,2023-10-06,26078.0
CLM000108030,PT0055305,P0197,Pneumonia,PROC_109,2024-07-12,26065.08
CLM000065480,PT0070756,P0197,Heart Failure,PROC_109,2023-07-27,26010.96
CLM000083386,PT0029749,P0217,Gallbladder Disease,PROC_108,2025-04-01,25820.01
CLM000098404,PT0043803,P0048,Pneumonia,PROC_109,2025-02-14,25736.18
CLM000240683,PT0015776,P0048,Heart Failure,PROC_109,2023-06-08,25714.26
CLM000195137,PT0055606,P0069,Kidney Disease,PROC_110,2025-12-04,25674.39
CLM000054402,PT0010488,P0647,Pneumonia,PROC_109,2024-11-02,25663.2
CLM000198026,PT0045373,P0048,Cancer,PROC_110,2025-07-25,25631.09
CLM000098258,PT0043137,P0048,Sepsis,PROC_109,2023-03-17,25555.46
CLM000096242,PT0078604,P0790,Pneumonia,PROC_109,2024-06-10,25464.98
CLM000185296,PT0027684,P0569,Sepsis,PROC_109,2025-02-22,25357.93
CLM000022615,PT0018549,P0120,Pneumonia,PROC_109,2025-08-12,25183.53
CLM000235859,PT0076965,P0283,Sepsis,PROC_109,2025-07-02,25116.29
CLM000246072,PT0077722,P0666,Heart Failure,PROC_109,2024-03-16,24987.13
CLM000067931,PT0013146,P0569,Osteoarthritis,PROC_108,2025-01-10,24807.16
CLM000029039,PT0062257,P0221,Pneumonia,PROC_109,2025-08-26,24751.63
CLM000070276,PT0036135,P0605,Heart Failure,PROC_109,2025-06-21,24724.36
CLM000110730,PT0002417,P0202,Heart Failure,PROC_109,2025-06-04,24707.74
CLM000011438,PT0049161,P0549,Sepsis,PROC_109,2025-03-06,24705.66
CLM000169282,PT0058724,P0178,Sepsis,PROC_109,2023-07-19,24688.69
CLM000053569,PT0039746,P0196,Pneumonia,PROC_109,2024-12-22,24675.11
CLM000011635,PT0057871,P0789,Sepsis,PROC_109,2024-11-24,24628.24
CLM000044081,PT0035357,P0508,Heart Failure,PROC_109,2025-01-14,24625.61
CLM000112740,PT0064744,P0605,Autoimmune Disorder,PROC_110,2023-11-06,24511.48
CLM000010935,PT0029859,P0125,Gallbladder Disease,PROC_108,2023-10-12,24502.33
CLM000054643,PT0066654,P0796,Heart Failure,PROC_109,2024-09-16,24489.91
CLM000045223,PT0035490,P0048,Pneumonia,PROC_109,2025-12-18,24456.94
CLM000063188,PT0015246,P0178,Pneumonia,PROC_109,2024-01-05,24416.86
CLM000248555,PT0007746,P0048,Pneumonia,PROC_109,2023-06-17,24412.69
CLM000158503,PT0039773,P0633,Pneumonia,PROC_109,2023-11-21,24391.98
CLM000008387,PT0031264,P0319,Sepsis,PROC_109,2024-01-29,24380.33
CLM000079774,PT0025747,P0303,Sepsis,PROC_109,2023-12-13,24369.64
CLM000055163,PT0067979,P0048,Pneumonia,PROC_109,2025-07-01,24278.4
CLM000029421,PT0047082,P0261,Heart Failure,PROC_109,2025-08-19,24261.87
CLM000160458,PT0059551,P0115,Pneumonia,PROC_109,2024-10-30,24215.24
CLM000075271,PT0007777,P0196,Cataract,PROC_108,2025-05-21,24211.97
CLM000010945,PT0050120,P0553,Pneumonia,PROC_109,2024-09-10,24036.87
CLM000003770,PT0078229,P0217,Heart Failure,PROC_109,2024-11-22,24019.54
CLM000172192,PT0054795,P0122,Cataract,PROC_108,2024-05-30,23987.04
CLM000228396,PT0054610,P0597,Sepsis,PROC_109,2025-09-30,23935.86
CLM000069728,PT0059695,P0283,Pneumonia,PROC_109,2023-10-15,23858.5
CLM000033756,PT0005960,P0311,Heart Failure,PROC_109,2023-10-05,23760.33
CLM000080502,PT0057693,P0569,Heart Failure,PROC_109,2025-09-26,23731.54
CLM000073889,PT0064776,P0042,Heart Failure,PROC_109,2023-04-17,23711.52
CLM000018681,PT0019906,P0197,Sepsis,PROC_109,2025-10-26,23700.49
CLM000099925,PT0025596,P0048,Sepsis,PROC_109,2024-01-12,23695.5
CLM000008035,PT0062184,P0092,Cancer,PROC_110,2025-10-27,23669.69
CLM000043337,PT0058278,P0087,Heart Failure,PROC_109,2025-10-22,23636.85
CLM000168500,PT0044670,P0044,Heart Failure,PROC_109,2025-03-15,23618.21
CLM000087042,PT0046333,P0573,Heart Failure,PROC_109,2023-03-14,23583.55
CLM000147296,PT0045562,P0069,Heart Failure,PROC_109,2024-07-15,23563.81
CLM000134338,PT0067997,P0625,Pneumonia,PROC_109,2025-12-15,23478.72
CLM000125749,PT0045521,P0048,Heart Failure,PROC_109,2023-01-22,23418.33
CLM000163849,PT0050305,P0120,Pneumonia,PROC_109,2025-06-12,23412.47
CLM000090201,PT0073338,P0069,Cancer,PROC_110,2024-10-15,23389.02
